{
  "version": "2020.1",
  "applications": [],
  "platforms": [
    {
      "name": "SoCNexysModoDirecto"
    }
  ],
  "systems": [
    {
      "name": "NexysModoDirecto_system",
      "platform": "D:/MODIFICACIONVITIS/SoCNexysModoDirecto/export/SoCNexysModoDirecto/SoCNexysModoDirecto.xpfm",
      "sysConfig": "SoCNexysModoDirecto",
      "applications": [
        {
          "name": "NexysModoDirecto",
          "platform": "D:/MODIFICACIONVITIS/SoCNexysModoDirecto/export/SoCNexysModoDirecto/SoCNexysModoDirecto.xpfm",
          "platformPath": "D:\\MODIFICACIONVITIS\\SoCNexysModoDirecto\\export\\SoCNexysModoDirecto",
          "sysConfig": "SoCNexysModoDirecto",
          "domain": "domain_microblaze_0",
          "system": "NexysModoDirecto_system"
        }
      ],
      "platformPath": "D:\\MODIFICACIONVITIS\\SoCNexysModoDirecto\\export\\SoCNexysModoDirecto"
    }
  ],
  "others": []
}