{
  "version": "2020.1",
  "applications": [],
  "platforms": [
    {
      "name": "SoCPI"
    }
  ],
  "systems": [
    {
      "name": "DemoControlador_system",
      "platform": "C:/xxxxIP/XSA/SoCPI/export/SoCPI/SoCPI.xpfm",
      "sysConfig": "SoCPI",
      "applications": [
        {
          "name": "DemoControlador",
          "platform": "C:/xxxxIP/XSA/SoCPI/export/SoCPI/SoCPI.xpfm",
          "platformPath": "D:\\MODIFICACIONVITIS\\SoCPI\\export\\SoCPI",
          "sysConfig": "SoCPI",
          "domain": "domain_microblaze_0",
          "system": "DemoControlador_system"
        }
      ],
      "platformPath": "D:\\MODIFICACIONVITIS\\SoCPI\\export\\SoCPI"
    }
  ],
  "others": []
}