{
  "version": "2020.1",
  "applications": [],
  "platforms": [
    {
      "name": "SoCDirecto"
    }
  ],
  "systems": [
    {
      "name": "DemoDirecto_system",
      "platform": "C:/xxxxIP/XSA/SoCDirecto/export/SoCDirecto/SoCDirecto.xpfm",
      "sysConfig": "SoCDirecto",
      "applications": [
        {
          "name": "DemoDirecto",
          "platform": "C:/xxxxIP/XSA/SoCDirecto/export/SoCDirecto/SoCDirecto.xpfm",
          "platformPath": "C:\\xxxxIP\\XSA\\SoCDirecto\\export\\SoCDirecto",
          "sysConfig": "SoCDirecto",
          "domain": "domain_microblaze_0",
          "system": "DemoDirecto_system"
        }
      ],
      "platformPath": "C:\\xxxxIP\\XSA\\SoCDirecto\\export\\SoCDirecto"
    }
  ],
  "others": []
}