{
  "version": "2020.1",
  "applications": [],
  "platforms": [
    {
      "name": "SoCNexysModoControlador"
    }
  ],
  "systems": [
    {
      "name": "NexysModoControlador_system",
      "platform": "D:/MODIFICACIONVITIS/SoCNexysModoControlador/export/SoCNexysModoControlador/SoCNexysModoControlador.xpfm",
      "sysConfig": "SoCNexysModoControlador",
      "applications": [
        {
          "name": "NexysModoControlador",
          "platform": "D:/MODIFICACIONVITIS/SoCNexysModoControlador/export/SoCNexysModoControlador/SoCNexysModoControlador.xpfm",
          "platformPath": "D:\\MODIFICACIONVITIS\\SoCNexysModoControlador\\export\\SoCNexysModoControlador",
          "sysConfig": "SoCNexysModoControlador",
          "domain": "domain_microblaze_0",
          "system": "NexysModoControlador_system"
        }
      ],
      "platformPath": "D:\\MODIFICACIONVITIS\\SoCNexysModoControlador\\export\\SoCNexysModoControlador"
    }
  ],
  "others": []
}